Circuit_ID,Circuit_Name,Model,Topology_Correctness,Topology_Reasoning,Analysis_Method,Analysis_Reasoning,Spec_Targeting,Notable_Insights
1,Single Transistor Switch,ChatGPT5,Correct,Reasonable,Complete,Reasonable,All specs,Excellent practical considerations addressing RL vs Ron test current discrepancy
2,Common Source Amplifier,ChatGPT5,Correct,Reasonable,Complete,Reasonable,All specs,"Sophisticated bias design using NMOS diode + resistor, includes corner analysis"
3,Source Follower Buffer,ChatGPT5,Correct,Reasonable,Complete,Reasonable,All specs,Good body effect analysis with explicit gmb calculations and systematic sizing
4,Basic Current Mirror,ChatGPT5,Correct,Reasonable,Complete,Reasonable,All specs,Excellent verification strategy with stepped VDD analysis and compliance testing
5,Differential Pair,ChatGPT5,Correct,Reasonable,Complete,Reasonable,All specs,Advanced CMRR methodology with separate differential and common-mode AC analysis
6,Differential Pair with Current Mirror Load,ChatGPT5,Correct,Reasonable,Complete,Reasonable,All specs,Good practical design with bias bypass capacitor and transfer function analysis
7,Cascode Current Mirror,ChatGPT5,Correct,Reasonable,Complete,Reasonable,All specs,Sophisticated cascode understanding with wide-swing biasing and impedance calculations
8,Single-Stage OTA,ChatGPT5,Correct,Reasonable,Complete,Reasonable,All specs,Advanced compensation design with R-C feed-forward network for phase margin
9,Two-Stage OTA,ChatGPT5,Correct,Reasonable,Complete,Reasonable,All specs,Very sophisticated approach using advanced AC analysis techniques and Miller compensation
10,CMOS Comparator,ChatGPT5,Correct,Reasonable,Complete,Reasonable,All specs,Exceptionally sophisticated rail-to-rail design with complementary input pairs
